segment,var_vs_naive_dm,var_vs_naive_pval,var_vs_naive_sig,spvar_vs_naive_dm,spvar_vs_naive_pval,spvar_vs_naive_sig,spvar_vs_var_dm,spvar_vs_var_pval,spvar_vs_var_sig
segment_1_rate,0.4646019395229674,0.321108271543491,False,0.4715037520611091,0.31864052045010327,False,1.9802782328421114,0.023836136651509965,True
segment_2_rate,0.4869740994090788,0.3131383429206317,False,0.49288286675931503,0.3110476769918036,False,1.5272217282384315,0.06335294252416945,False
segment_3_rate,1.1463875559016636,0.12581741467966456,False,1.1486842707881342,0.1253430970173426,False,0.9270015487433273,0.17696286508381265,False
segment_4_rate,-1.154215351854098,0.8757940549198117,False,-1.14865231146164,0.8746503113168635,False,2.0159430504337013,0.021902965612234593,True
segment_5_rate,-2.0207052031231223,0.9783448545476695,False,-2.0172457725182813,0.9781650642282065,False,1.878309218772596,0.03016943807921002,True
segment_6_rate,0.24580283979144626,0.4029174293307113,False,0.24837354869567208,0.4019226987787299,False,0.8887226831905897,0.18707606863984905,False
segment_7_rate,1.824659753217617,0.034026195135784865,True,1.8335305398622181,0.03336185558712945,True,2.009305559838197,0.022252369323218835,True
