mae_improvement_per_ton,optimization_rate,value_per_ton,annual_volume,annual_savings,two_year_savings,shipper_type
-0.03410480159627172,22.5,-0.007673580359161137,10000,-76.73580359161137,-153.47160718322274,Small Shipper
-0.03410480159627172,22.5,-0.007673580359161137,50000,-383.6790179580568,-767.3580359161136,Mid-Size Shipper
-0.03410480159627172,22.5,-0.007673580359161137,200000,-1534.7160718322273,-3069.4321436644545,Large Shipper
-0.03410480159627172,22.5,-0.007673580359161137,1000000,-7673.580359161137,-15347.160718322273,Major Grain Trader
