{
  "model_type": "SpVAR",
  "spatial_parameter_rho": 0.9534891132550855,
  "lag_order": "3",
  "comparison_results": {
    "segment_1_rate": {
      "VAR": {
        "MAE": 3.1598853303234313,
        "RMSE": 3.9168347487114876,
        "MAPE": 19.75650303539334,
        "Mean_Error": 0.5608968072486784,
        "Std_Error": 3.876466073672259
      },
      "SpVAR": {
        "MAE": 3.158634156597318,
        "RMSE": 3.91402191349864,
        "MAPE": 19.759869488501256,
        "Mean_Error": 0.5540640003790294,
        "Std_Error": 3.874607157226593
      },
      "improvement_mae_pct": 0.039595542094729166,
      "improvement_mape_pct": -0.017039721563499692
    },
    "segment_2_rate": {
      "VAR": {
        "MAE": 2.628306199984988,
        "RMSE": 3.303819719543242,
        "MAPE": 18.771159072537266,
        "Mean_Error": 0.138326692247242,
        "Std_Error": 3.300922668808635
      },
      "SpVAR": {
        "MAE": 2.6266709344847095,
        "RMSE": 3.301765323389223,
        "MAPE": 18.773342159243523,
        "Mean_Error": 0.13147804987033684,
        "Std_Error": 3.2991465219262133
      },
      "improvement_mae_pct": 0.06221746538846282,
      "improvement_mape_pct": -0.01163000482719687
    },
    "segment_3_rate": {
      "VAR": {
        "MAE": 2.839057189857831,
        "RMSE": 3.376310351013112,
        "MAPE": 22.926503610069215,
        "Mean_Error": -0.19514598919604143,
        "Std_Error": 3.3706660512811086
      },
      "SpVAR": {
        "MAE": 2.836766489890246,
        "RMSE": 3.375210403952089,
        "MAPE": 22.926610205737724,
        "Mean_Error": -0.20192811610166367,
        "Std_Error": 3.3691646304201375
      },
      "improvement_mae_pct": 0.08068523507622048,
      "improvement_mape_pct": -0.000464945158327961
    },
    "segment_4_rate": {
      "VAR": {
        "MAE": 2.8343727079798593,
        "RMSE": 3.4304231087941037,
        "MAPE": 22.381589901883707,
        "Mean_Error": 0.34090848423291176,
        "Std_Error": 3.4134416811667694
      },
      "SpVAR": {
        "MAE": 2.832449400037884,
        "RMSE": 3.4277686989587184,
        "MAPE": 22.384374814798353,
        "Mean_Error": 0.3341833347444744,
        "Std_Error": 3.411439542530427
      },
      "improvement_mae_pct": 0.06785656440172075,
      "improvement_mape_pct": -0.012442873481525746
    },
    "segment_5_rate": {
      "VAR": {
        "MAE": 2.9150373022775846,
        "RMSE": 3.59181356440506,
        "MAPE": 23.81261756542264,
        "Mean_Error": 0.3191780094842839,
        "Std_Error": 3.577603957917342
      },
      "SpVAR": {
        "MAE": 2.913739592139887,
        "RMSE": 3.5890667340803013,
        "MAPE": 23.819505157849328,
        "Mean_Error": 0.31253359917802626,
        "Std_Error": 3.575433228444725
      },
      "improvement_mae_pct": 0.04451778838931866,
      "improvement_mape_pct": -0.02892412985579309
    },
    "segment_6_rate": {
      "VAR": {
        "MAE": 3.286882574752335,
        "RMSE": 4.019496891624825,
        "MAPE": 30.724576047179468,
        "Mean_Error": -0.4599200761017127,
        "Std_Error": 3.9930976428557603
      },
      "SpVAR": {
        "MAE": 3.286540417694744,
        "RMSE": 4.018449007055214,
        "MAPE": 30.738197042716486,
        "Mean_Error": -0.4664616245312279,
        "Std_Error": 3.9912837502666636
      },
      "improvement_mae_pct": 0.01040977430161333,
      "improvement_mape_pct": -0.04433257440591468
    },
    "segment_7_rate": {
      "VAR": {
        "MAE": 2.3017923059978713,
        "RMSE": 2.789563636299913,
        "MAPE": 18.19279291630481,
        "Mean_Error": 0.32292226811462066,
        "Std_Error": 2.770809717343019
      },
      "SpVAR": {
        "MAE": 2.300295388577897,
        "RMSE": 2.786967350357919,
        "MAPE": 18.1958241359251,
        "Mean_Error": 0.3163093448541728,
        "Std_Error": 2.7689592648356105
      },
      "improvement_mae_pct": 0.065032688486862,
      "improvement_mape_pct": -0.016661650765965184
    }
  },
  "overall_var_mae": 2.852190515881986,
  "overall_spvar_mae": 2.8507280542032407,
  "overall_var_mape": 22.366534592684356,
  "overall_spvar_mape": 22.371103286395968,
  "improvement_mae_pct": 0.051275034770699654,
  "improvement_mape_pct": -0.020426471041722946,
  "estimation_date": "2026-02-03 21:52:19"
}